resnum, res. depth [nm]
1, None
2, None
3, None
4, None
5, None
6, None
7, None
8, None
9, None
10, None
11, None
12, None
13, None
14, None
15, None
16, None
17, None
18, None
19, None
20, None
21, None
22, None
23, None
24, None
25, None
26, None
27, None
28, None
29, None
30, None
31, None
32, 0.17895160447434852
33, None
34, None
35, None
36, None
37, None
38, None
39, None
40, None
41, None
42, None
43, None
44, None
45, None
46, None
47, None
48, None
49, None
50, None
51, 0.17676977385896547
52, 0.18073487806843258
53, 0.18010874965799073
54, 0.20886430050951643
55, 0.19930896037048548
56, 0.19190484515580541
57, 0.22530805625518788
58, 0.19173900483569623
59, 0.1941239440717586
60, 0.19364385191196457
61, 0.3993278886679192
62, 0.2062843165835266
63, 0.18898241455657358
64, 0.18386803523080525
65, 0.3643401102807468
66, 0.22594490376413356
67, 0.1967759904717521
68, 0.19854622754023538
69, 0.20407981126515404
70, 0.1941581574952087
71, 0.19201017562282272
72, 0.17842459481243497
73, 0.18707172708370978
74, 0.19149316500119054
75, 0.18563224736119857
76, 0.1767635903984972
77, 0.18072294253565474
78, 0.17675480016564582
79, 0.1926843379957115
80, 0.1709622109487411
81, 0.17096100437017558
82, 0.1709625292940847
83, 0.20069861562881927
84, 0.2000558884041923
85, 0.19505338038980413
86, 0.1822091392197479
87, 0.1752906372019416
88, 0.1908274821682551
89, 0.176759456021892
90, None
91, None
92, None
93, None
94, None
95, None
96, None
97, None
98, 0.17363168864895928
99, 0.17895348783193257
100, 0.18707159235788753
101, 0.18682382088702607
102, 0.19679582423092373
103, 0.18347825866502834
104, 0.19334404668029945
105, 0.1783013187112218
106, 0.19093137656258466
107, 0.18818176474426623
108, 0.190286895692582
109, 0.19580373064851028
110, 0.1925712280584251
111, 0.18709662192566404
112, 0.1836251734839512
113, 0.20973269326741006
114, 0.20221138037416378
115, 0.19170754277835023
116, 0.18193551168606703
117, 0.17676370080704104
118, 0.17647668331568933
119, 0.1870705096765819
120, 0.23235803734770913
121, 0.22600821455224285
122, 0.18778488119357203
123, 0.1769344612769988
124, 0.21835423725205888
125, 0.1878442894562975
126, 0.17905409484196555
127, 0.19285138323401438
128, 0.20563959058633363
129, 0.1844953888249733
130, 0.17832881628653016
131, 0.18443883442761697
132, 0.21107677466929903
133, 0.19091083282665217
134, 0.1933513068661452
135, 0.21066978318186802
136, 0.19402412812759887
137, 0.18082794421383971
138, 0.20757786332825448
139, 0.19481632063682464
140, 0.2108477264100187
141, 0.2251419314958014
142, 0.189672180193038
143, 0.17396561435018035
144, 0.18756554828023697
145, 0.23382122477458533
146, 0.23174236388345915
147, 0.17095563141580705
148, 0.245037315417031
149, 0.26789163071722294
150, 0.2099185306609136
151, 0.2009935225957145
152, 0.4152097537186925
153, 0.2181719526538847
154, 0.18034264970196118
155, 0.17114479799861745